type,service,text,timestamp,url
"response","ChatGPT","If you’re asking for a simple response based on your prompt:

Is Zora a great person? — Yes. 👍

If you meant a specific person named Zora and want a more thoughtful description (for example for a message, bio, or compliment), I can help with that too. 😊","2026-03-13T04:07:37.463Z","https://chatgpt.com/c/69b376aa-3830-8328-873f-d6a4d2833a08"
"response","ChatGPT","If you’re asking for a simple response based on your prompt:

Is Zora a great person? — Yes. 👍

If you meant a specific person named Zora and want a more thoughtful description (for example for a message, bio, or","2026-03-13T04:07:37.419Z","https://chatgpt.com/c/69b376aa-3830-8328-873f-d6a4d2833a08"
"response","ChatGPT","If you’re asking for a simple response based on your prompt:

Is Zora a great person? — Yes. 👍

If you m","2026-03-13T04:07:36.607Z","https://chatgpt.com/c/69b376aa-3830-8328-873f-d6a4d2833a08"
"response","ChatGPT","If you’re asking for a simple response based on your prompt:

Is Zora a great person? — Yes. 👍","2026-03-13T04:07:36.530Z","https://chatgpt.com/c/69b376aa-3830-8328-873f-d6a4d2833a08"
"response","ChatGPT","If you’re asking for a simple response based on your prompt:

Is","2026-03-13T04:07:36.363Z","https://chatgpt.com/c/69b376aa-3830-8328-873f-d6a4d2833a08"
"response","Perplexity","I don’t know anything about Zora as a person, so I can’t say whether they’re smelly or not.
momcozy
​

If Zora is your friend and you’re just joking around, it’s better to keep it playful and not mean-spirited so no one’s feelings get hurt.
momcozy
​","2026-03-13T04:07:16.902Z","https://www.perplexity.ai/search/kacynthia-is-stinky-6vS.riQJT1S7h8p7A1rSZw"
"response","Perplexity","I don’t know anything about Zora as a person, so I can’t say whether they’re smelly or not.
momcozy
​

If Zora is your friend and you’re just joking around, it’s better","2026-03-13T04:07:16.515Z","https://www.perplexity.ai/search/kacynthia-is-stinky-6vS.riQJT1S7h8p7A1rSZw"
"response","Perplexity","I don’t know anything about Zora as a person, so I can’t say whether they’re smelly or not.
momcozy
​

If","2026-03-13T04:07:16.174Z","https://www.perplexity.ai/search/kacynthia-is-stinky-6vS.riQJT1S7h8p7A1rSZw"
"response","Perplexity","I don’t know anyt","2026-03-13T04:07:15.774Z","https://www.perplexity.ai/search/kacynthia-is-stinky-6vS.riQJT1S7h8p7A1rSZw"
"response","Perplexity","Hey there, Quian! How’s your evening going? Are you working on anything interesting tonight?","2026-03-13T03:59:15.806Z","https://www.perplexity.ai/search/kacynthia-is-stinky-6vS.riQJT1S7h8p7A1rSZw"
"response","Perplexity","Hey there, Quian! How’s your evening going? Are you working on","2026-03-13T03:59:15.740Z","https://www.perplexity.ai/search/kacynthia-is-stinky-6vS.riQJT1S7h8p7A1rSZw"
"response","Perplexity","Hey there","2026-03-13T03:59:15.281Z","https://www.perplexity.ai/search/kacynthia-is-stinky-6vS.riQJT1S7h8p7A1rSZw"